z_low,z_mid,n,u_res_mean,u_res_median,u_res_std,u_res_var,u_res_p10,u_res_p90,v_res_mean,v_res_median,v_res_std,v_res_var,v_res_p10,v_res_p90,w_res_mean,w_res_median,w_res_std,w_res_var,w_res_p10,w_res_p90,case
0.0,2.0,30980,0.18729203732295924,0.14118540000000002,0.16467932046856,0.02711927858998668,0.024366140000000005,0.4358223700000002,-0.0032274197367495156,-0.000854050000000002,0.076744317061113,0.00588969020117664,-0.082521828,0.07533189000000005,0.001140633540256714,0.00013524999999999648,0.019415379374431007,0.00037695695625308097,-0.015880000000000005,0.018806690000000032,Flat
4.0,6.0,10788,0.6172307876262885,0.61515495,0.20699083897200118,0.04284520741833292,0.3693621,0.8776734700000002,-0.015027988265521321,-0.015535500000000004,0.15850107617647935,0.025122591149102112,-0.21464323,0.17725524,0.009211778458750463,0.009398500000000004,0.07887859383890675,0.006221832566003218,-0.08673736,0.10335120000000014,Flat
8.0,10.0,9535,0.7041230645937976,0.7052042999999999,0.20964086545045424,0.04394929246681546,0.44272395999999997,0.9646268608000002,-0.013340341103632858,-0.018383999999999984,0.1641232503730046,0.02693644131299995,-0.21765585999999998,0.20264452,0.017830428972216046,0.023510999999999976,0.11126599288836278,0.012380121173433197,-0.12672806,0.1487626,Flat
12.0,14.0,8940,0.7573612653777405,0.761121205,0.19541913792328688,0.03818863946668062,0.5220901,1.00548607,-0.016988957111838256,-0.020397400000000003,0.16491825969380328,0.02719803238043274,-0.23105056999999998,0.1953757,0.02825103822277405,0.03508249999999999,0.12794350358686624,0.016369540110082455,-0.13712497999999995,0.18558505,Flat
16.0,18.0,8699,0.8001316409543902,0.79803,0.20246044153472736,0.04099023038643676,0.56133504,1.05659128,-0.015891372924091162,-0.018892199999999998,0.1742542114657475,0.030364530213549446,-0.23854874,0.206547436,0.0345798288911714,0.03989599999999999,0.1363953345459394,0.018603687285898736,-0.14721532,0.20089200000000002,Flat
20.0,22.0,8104,0.8369031737959736,0.8328173050000001,0.19863355876472835,0.03945529066754079,0.61245673,1.0994948745,-0.010919212102738156,-0.015675850000000012,0.18377270304650806,0.033772406385020035,-0.24374924999999997,0.22790528999999998,0.04847278940074038,0.054210999999999995,0.13827833826518526,0.019120898833381,-0.12524469999999996,0.22073396999999997,Flat
24.0,26.0,8271,0.8999804834127184,0.8833749000000001,0.21142179867880934,0.04469917695658298,0.6604019,1.1648100000000001,-0.001206992099029017,0.00007250999999999959,0.18585249500948442,0.03454114990125043,-0.238966,0.2334229,0.04041906499702575,0.05179000000000006,0.15141734420490618,0.022927212126067038,-0.16258609999999998,0.22644000000000003,Flat
28.0,30.0,7455,0.9314899739669384,0.919799,0.21093835439589836,0.04449498935524961,0.68478248,1.2153491360000002,0.00212226297137894,0.005896999999999986,0.17827999488191484,0.031783756575095586,-0.2242096,0.23144614000000002,0.06363882775376258,0.069212,0.1465328507918224,0.02147187636117849,-0.1301159484,0.24354480000000003,Flat
32.0,34.0,7305,0.9647078686622463,0.952705,0.20536166799952715,0.042173414683548016,0.7152999529999999,1.2327994,0.003111477125368925,0.008101999999999998,0.1780478883947188,0.031701050561818246,-0.232378,0.22330502000000005,0.06668568532368241,0.07683699999999999,0.15271529157365557,0.023321960280426633,-0.14068527999999997,0.2575426,Flat
36.0,38.0,6967,1.0046322594672088,0.990198,0.20977976217746955,0.04400754861923568,0.73833384,1.2754868799999999,0.006455325474953351,0.007573999999999997,0.18763377400465672,0.03520643314723059,-0.23872999999999997,0.24806348000000011,0.07896366789292379,0.08394199999999999,0.14983761915021132,0.022451312112603778,-0.118183232,0.26925140000000003,Flat
40.0,42.0,7137,1.0470213710410285,1.0357694,0.21350111250457104,0.045582725040689505,0.765758784,1.3308038,0.009264849850381392,0.004522999999999999,0.19301593171468756,0.037255149895688934,-0.23925532,0.2633863,0.0734370090750035,0.07382700000000003,0.15553643293371805,0.024191581969744975,-0.12403331999999999,0.27311250000000015,Flat
44.0,46.0,6786,1.0876150609968942,1.07475415,0.2045666967927563,0.04184753343669949,0.834112475,1.3545824999999998,0.01563344244854981,0.017289999999999993,0.1909426744871003,0.03645910494028674,-0.23221,0.2535235,0.08300067808787208,0.08241299999999997,0.16201718540197163,0.026249568365576847,-0.12461695,0.28829705,Flat
48.0,50.0,6699,1.149269287820503,1.1314761660000001,0.210226480900065,0.04419517327162539,0.8906050000000001,1.42466432,0.020529603436742795,0.020615000000000022,0.18857409699262642,0.03556019005658448,-0.22477207999999999,0.24815565999999997,0.08722454004941037,0.08509599999999998,0.16114013131484872,0.02596614192016669,-0.12262409999999997,0.29182379999999997,Flat
52.0,54.0,6954,1.2056109588158095,1.1929645500000001,0.22386713786833404,0.050116495417359685,0.938384616,1.4998754,0.009602649381878919,0.018380599999999997,0.18237155814483977,0.03325938522017667,-0.23115709199999998,0.23948974,0.07990450002157032,0.07762150000000001,0.15862823146946625,0.025162915819130566,-0.12363151,0.27991468,Flat
56.0,58.0,6918,1.2399432348179433,1.2289735,0.21975697923792853,0.04829312992377935,0.9658121590000001,1.5246861096,0.005744985563830009,0.01610600000000001,0.18029018499934935,0.032504550807099616,-0.23358687000000003,0.23149391,0.0813852206746314,0.07360415000000001,0.15451917445043595,0.023876175272844254,-0.113285055,0.283505,Flat
60.0,62.0,7267,1.28333940793508,1.272869,0.22116356105356313,0.04891332073789315,1.01311168,1.5817003200000006,-0.0009852336995011149,0.016487,0.18197384844592893,0.03311448151822191,-0.24320556000000002,0.23655818000000003,0.066801511862543,0.05438800000000002,0.15800351974167154,0.024965112250756788,-0.130640026,0.28550980000000015,Flat
64.0,66.0,7239,1.314136250153341,1.298336,0.21733510646400597,0.04723454850172081,1.041646776,1.6178465599999998,-0.02929740180705843,-0.0160058,0.17599470812264392,0.03097413728717463,-0.271625,0.18388239999999997,0.06554584749965466,0.05232300000000001,0.1559996129623625,0.0243358792444069,-0.12210541999999999,0.2774332,Flat
68.0,70.0,7343,1.3253050114699279,1.32542409,0.20779154679198886,0.0431773269182073,1.0461984999999998,1.5978503942399997,-0.03742778950280526,-0.025090999999999974,0.17373162263488273,0.030182676703349298,-0.2767265024,0.18347228000000004,0.06529289383072313,0.050844,0.15260876350529684,0.023289434698615625,-0.11540277999999998,0.2726082,Flat
72.0,74.0,6937,1.3488168404924665,1.3591561941,0.20405501018408934,0.041638447181228805,1.0680374864,1.6072807684000001,-0.05047808755472986,-0.047609321,0.18987854036446394,0.03605386009093936,-0.30283718000000004,0.19684477420000004,0.07906859368833791,0.06692100000000001,0.14321582778978031,0.020510773329512014,-0.08888772,0.2790856600000001,Flat
76.0,78.0,7544,1.4040561762063575,1.4141317999999998,0.2062672368616014,0.04254617300251997,1.1283521,1.66874549,-0.059307566041312695,-0.05820920000000001,0.19352149166844396,0.037450567737579626,-0.31053597,0.18787835,0.05859633945307529,0.049592950000000025,0.14530980526092965,0.021114939504969298,-0.11361423999999999,0.25488539999999993,Flat
80.0,82.0,8175,1.4624658337379728,1.4778263,0.20993741069211844,0.0440737164081112,1.17449588,1.7290786000000002,-0.07488045580284941,-0.07794900000000002,0.19310255396373374,0.0372885963473167,-0.32142168,0.18101334400000005,0.04132716313394495,0.03387699999999999,0.1393761566294328,0.019425713036792188,-0.1202566,0.21944960000000002,Flat
84.0,86.0,8948,1.507474229073666,1.5296699999999999,0.20339500835423993,0.041369529423421335,1.233427124,1.7597827652000002,-0.07822926327559276,-0.07089519999999999,0.19662106271234878,0.038659842302133395,-0.34301512,0.15951228,0.010261209339807778,0.0033280000000000115,0.13634437246779843,0.018589787903637748,-0.14775014,0.1734391,Flat
88.0,90.0,5873,1.5282039609838793,1.5468769999999998,0.17535820393762458,0.030750499688229533,1.2946014000000001,1.736088,-0.09329547861824451,-0.08290600000000001,0.19192046501893667,0.036833464893084894,-0.35262996,0.13017956896000002,-0.030336856129157673,-0.03456199999999998,0.13794403994942922,0.019028558157569722,-0.20639658,0.13072672000000007,Flat
92.0,94.0,1680,1.5658725555053452,1.581687,0.1465979271446958,0.02149095224312154,1.35937059739,1.7380335,-0.11921398413194642,-0.10702890000000004,0.19261521997864403,0.03710062296742143,-0.39570229999999995,0.08224071000000002,-0.08325762103255951,-0.0949159,0.13489866779240467,0.018197650572165554,-0.24051696,0.09407340000000002,Flat
96.0,98.0,191,1.5832813208910996,1.5594865,0.10026408457746186,0.010052886656156425,1.45786551,1.728156,-0.271252652086911,-0.318323,0.18853493029525914,0.03554541994143823,-0.509004,0.025075399999999998,-0.1630965769947644,-0.18759646,0.10973803537857693,0.012042436408749803,-0.28583369999999997,-0.0040110000000000146,Flat
100.0,102.0,33,1.6237502496818181,1.6325937979999998,0.07911076756338176,0.006258513544467415,1.500727066,1.709691684,-0.45372724848484847,-0.4639994,0.029583695857179074,0.0008751950605700744,-0.4850704,-0.4053032,-0.17197524575757578,-0.15092160000000002,0.09024728611318615,0.008144572650795281,-0.284482,-0.0648872,Flat
0.0,2.0,32334,0.04871306482034979,0.018434099999999995,0.13346384790405905,0.01781259869735781,-0.07143174,0.21122760000000004,-0.00019482869579049914,0.00008455000000001309,0.11297406011501655,0.012763138258871374,-0.11762136299999998,0.11479913,0.003912480388993011,0.001649444999999992,0.02445775066399449,0.000598181567542123,-0.016479448,0.026964490000000004,Cube array
4.0,6.0,11947,0.220540925060375,0.1955222,0.2710640670144088,0.07347572842639191,-0.10896515999999999,0.595985542,-0.008020814478012304,-0.01403687,0.190482776852385,0.03628368827739549,-0.25254393999999997,0.23274388,0.020429916655576294,0.026548000000000016,0.1137670062150489,0.012942931703134973,-0.12386447899999999,0.15900119999999998,Cube array
8.0,10.0,10406,0.2785130095592447,0.2627545,0.26882309426241174,0.07226585600881752,-0.06130985,0.6407472,-0.014507304189861618,-0.011182199999999996,0.19338260459067125,0.03739683175827191,-0.25825435,0.21932500000000002,0.03389139646284836,0.039109,0.14449000363575787,0.020877361150661324,-0.15162350000000002,0.21210440000000003,Cube array
12.0,14.0,10191,0.33805868554422724,0.333386,0.2732261437155628,0.07465252560967739,-0.006373899999999988,0.699342,-0.004656652431437543,-0.0034531999999999966,0.18879405867803806,0.035643196592126475,-0.2373449,0.2260247,0.03476548202914238,0.03617899999999999,0.1575237971244418,0.0248137466605023,-0.167804,0.233423,Cube array
16.0,18.0,9628,0.43694602870580496,0.42316649999999995,0.285637338842131,0.08158868934081435,0.05892122,0.8155000400000006,-0.007300278936300374,-0.009701434999999998,0.20118656627281037,0.040476034448643915,-0.26199411,0.24521087000000033,0.03944933687351579,0.030170000000000002,0.1646217408706775,0.027100317567292486,-0.16475191999999997,0.25220856,Cube array
20.0,22.0,8622,0.576099010645116,0.5603260999999999,0.26312840595018877,0.06923655801788735,0.25276296,0.9284406399999999,0.0023679212863303182,0.003910549999999988,0.2194366109144056,0.04815242620960023,-0.27885100000000007,0.28069428,0.05716688239842264,0.05335035,0.16538422586277304,0.027351942164228732,-0.15231356000000001,0.27476004600000004,Cube array
24.0,26.0,8280,0.6974763957668382,0.6915830500000001,0.2671575548891827,0.07137315913436668,0.3570296,1.05557649,-0.002878231605791063,-0.0014435000000000003,0.2350629606165512,0.05525459545381829,-0.3097951,0.296866845,0.06281755052703139,0.0588295,0.16468546827669775,0.02712130346151522,-0.14220887999999998,0.27040020000000003,Cube array
28.0,30.0,8481,0.7799511447954627,0.7790527,0.252006114450491,0.06350708172043396,0.45732459999999997,1.1252604,-0.004686276504495225,-0.0007704999999999969,0.2361801716283091,0.05578107347037754,-0.30490249999999997,0.2965375,0.05534823725716307,0.047310000000000005,0.1687497092084882,0.028476464357949323,-0.15230865999999998,0.2740741,Cube array
32.0,34.0,7802,0.8186846300678184,0.8124065,0.23902413934783906,0.05713253919097518,0.5164291799999999,1.12899328,-0.002028083096712381,-0.006886150000000001,0.21999648527937796,0.04839845353527956,-0.27588547999999996,0.28905156000000004,0.07518757723146373,0.0668027,0.15955063895514085,0.025456406390993707,-0.114427299,0.2816274189000001,Cube array
36.0,38.0,8447,0.8691546464778844,0.856186,0.2306565552281017,0.053202446469694326,0.5743141,1.1715642000000002,-0.0008116637640653482,-0.011152399999999998,0.21922372461472087,0.048059041433950976,-0.273187684,0.29044908200000025,0.0562196245223535,0.04957400000000001,0.16484652159534305,0.027174375682083904,-0.15044844,0.27415864000000006,Cube array
40.0,42.0,8000,0.9044441842371538,0.8964286,0.2295381752555042,0.05268777389962656,0.6174326277,1.20147668,0.0073461283031561265,-0.0029339649999999993,0.20735437343891433,0.04299583618424474,-0.25649099,0.29474309790000014,0.06938158834512499,0.06255360000000001,0.16318845513474645,0.026630471889265157,-0.128717793,0.29197429,Cube array
44.0,46.0,7869,0.9507557045178892,0.9507520000000002,0.23025983425329474,0.053019591270354764,0.6536493200000001,1.247676832,0.0025353942721643165,-0.004237400000000002,0.199198840123783,0.03968017790666046,-0.25645172,0.26053660000000006,0.07219895486307408,0.068131,0.16258411482042018,0.026433594391939576,-0.130040012,0.2876376,Cube array
48.0,50.0,7677,0.986022000390147,0.9815138999999999,0.22805816021650382,0.05201052444133653,0.6903492000000001,1.2895234400000002,0.005809928689727888,-0.004218000000000013,0.20202136608666665,0.04081263235552299,-0.25220992000000003,0.273358628,0.07937051370651167,0.07173100000000002,0.15273604956482095,0.02332830083666744,-0.10856899999999998,0.28251904000000005,Cube array
52.0,54.0,7128,1.0270139860410676,1.0145976,0.23430035112446812,0.054896654537049054,0.7221884000000001,1.34049723,-0.011912265354859708,-0.0214252,0.19728578171308575,0.038921679666143315,-0.2703001352,0.2549033,0.09137972363214086,0.09091175000000001,0.15192236954075422,0.023080406366877488,-0.09690525,0.28863089999999997,Cube array
56.0,58.0,7265,1.0790369579937888,1.0771330000000001,0.24105944292182005,0.05810965502177822,0.7510296200000001,1.3997483312000003,-0.039659507300766686,-0.04385700000000001,0.20276001368024676,0.04111162314761385,-0.30182986,0.22695064000000006,0.08559498374530727,0.08626000000000002,0.16080259321933046,0.02585747398606146,-0.13300811999999998,0.2940370000000001,Cube array
60.0,62.0,6886,1.1063169304100668,1.1153518,0.23018269531785035,0.052984073223790326,0.79316305,1.3946174999999998,-0.046394197492471076,-0.04181059999999999,0.20876497205457284,0.04358281355694658,-0.320193285,0.2211723,0.10012147580879176,0.10009949999999998,0.1570382311473483,0.024661006041887996,-0.09977364999999999,0.3049634,Cube array
64.0,66.0,7163,1.153566363507631,1.1666901,0.23376628104092295,0.054646674151703774,0.8310810799999999,1.4481807999999998,-0.06244357513318163,-0.049176599999999994,0.20980814716500476,0.0440194586168123,-0.3608996,0.20685695999999998,0.0909755494713458,0.086453,0.16414236172492438,0.02694271491263592,-0.11483284,0.30644232,Cube array
68.0,70.0,6969,1.1937881653348557,1.1952650999999999,0.24630771085778005,0.06066748842799979,0.855207,1.5231456,-0.06340976761628325,-0.039299,0.20408111409017202,0.041649101128285806,-0.350559206,0.19097258000000003,0.09427844470936146,0.08695599999999999,0.1670573453257872,0.02790815662729931,-0.11951837799999998,0.31337899999999996,Cube array
72.0,74.0,6990,1.2172521459983323,1.2170083750000003,0.23948977415788764,0.05735535192619602,0.8831675,1.5339268525,-0.055126642722441346,-0.03625565,0.1932799066546463,0.03735712231642879,-0.32639974,0.18416066000000003,0.09806295391187697,0.08595449999999998,0.16163602132054622,0.026126203388336076,-0.10022392,0.3097163,Cube array
76.0,78.0,7405,1.2622812173912192,1.254753,0.2420489632780996,0.05858770062400281,0.925607008,1.5960595400000002,-0.0458725060733711,-0.035752000000000006,0.17664432741051772,0.031203218406314185,-0.28194272,0.17399984000000002,0.08655291184618204,0.07015300000000002,0.15570356741601343,0.024243600906073037,-0.10001608,0.2946644000000001,Cube array
80.0,82.0,7688,1.273712334465563,1.2639208549999998,0.23879626048259028,0.05702365402046911,0.95573781,1.5989080530000002,-0.02259536065648578,-0.013304999999999994,0.16918715172826518,0.028624292309923027,-0.2595441,0.19075955600000002,0.07681170743431842,0.06420200000000001,0.14922678987431956,0.02226863481619432,-0.10720164,0.27580546,Cube array
84.0,86.0,8232,1.2964304608006874,1.2708437,0.22315766707554321,0.04979934437459898,1.0255040700000002,1.611321577,-0.015489499505480807,-0.010129449999999998,0.17159999770367523,0.029446559211901344,-0.23802179999999998,0.20724798000000005,0.05202319300574223,0.041558479999999995,0.14152249448969131,0.02002861644658471,-0.119640409,0.23622888000000003,Cube array
88.0,90.0,6481,1.355324268164149,1.3291721,0.2239741311186973,0.05016441141037541,1.0796505,1.6832485000000001,-0.017014316924526155,-0.014371600000000002,0.16881027444190827,0.028496908757152387,-0.24488000000000001,0.205031,-0.003612590104260146,-0.012738000000000027,0.1360903911699766,0.01852059456879724,-0.16796776,0.166607,Cube array
92.0,94.0,2217,1.4025891087379354,1.40546601,0.21980652475189877,0.048314908323507086,1.1047936400000002,1.6877889600000002,-0.035310971998963464,-0.036840420000000006,0.16193277158121153,0.02622222251197283,-0.2518031722,0.17213830000000008,-0.05730371478948579,-0.058862,0.13372445234878208,0.017882229155981692,-0.21674868,0.11964620000000002,Cube array
96.0,98.0,406,1.4229328289302956,1.438905295,0.27188439133273007,0.07392112225036912,1.003865,1.7790633,-0.03507888160231527,-0.009679884499999996,0.14530660399983997,0.02111400916596631,-0.2655253365,0.13506535000000003,-0.09110090597167488,-0.10042000150000001,0.15559460574797657,0.024209681337868265,-0.28950390000000004,0.11441870000000001,Cube array
100.0,102.0,156,1.3807806187115386,1.4022634690000002,0.29616409142624206,0.08771316905033147,0.8828820500000001,1.73353,-0.03462237630794872,0.0028030999999999993,0.14476056946304502,0.020955622471265086,-0.259049557,0.12104145,-0.09035608917948718,-0.07537160500000001,0.1341341074840171,0.017991958790533853,-0.2684975,0.07883565000000001,Cube array
