case,scope,sensor_id,x,y,z,n,mean_s,median_s,std_s,p10_s,p90_s,min_s,max_s
Cube array,sensor,18,3672,0,20,176,161.4318181818182,150.5,91.61319873150472,57.5,282.0,28.0,483.0
Flat,sensor,18,3672,0,20,216,165.42592592592592,154.0,90.812170447932,64.5,288.0,33.0,481.0
Cube array,sensor,19,3672,64,20,490,200.91020408163266,182.0,116.12791805460265,62.0,365.0,27.0,552.0
Flat,sensor,19,3672,64,20,815,169.89693251533743,159.0,89.9996406103341,59.400000000000006,301.6,25.0,486.0
Cube array,sensor,20,3672,128,20,619,223.07754442649434,209.0,118.17624568877237,81.80000000000001,395.20000000000005,24.0,574.0
Flat,sensor,20,3672,128,20,892,174.18609865470853,167.0,86.63570482698182,62.0,296.9,25.0,470.0
Cube array,sensor,21,3672,192,20,670,222.10149253731342,205.0,115.55161199714269,84.0,387.60000000000014,30.0,577.0
Flat,sensor,21,3672,192,20,826,178.68886198547216,170.5,91.67224250279489,69.0,305.0,23.0,516.0
Cube array,sensor,22,3672,256,20,608,231.98684210526315,221.5,120.037459109031,78.7,389.0,25.0,575.0
Flat,sensor,22,3672,256,20,858,182.32750582750583,175.0,90.80974360861242,71.0,304.0,27.0,499.0
Cube array,sensor,23,3672,320,20,696,231.01149425287358,215.5,112.19163915581693,87.0,387.5,29.0,560.0
Flat,sensor,23,3672,320,20,854,178.76697892271662,164.0,91.59425941255091,66.30000000000001,306.70000000000005,22.0,489.0
Cube array,sensor,24,3672,384,20,677,223.63367799113738,217.0,112.29905888932775,82.0,372.4,27.0,565.0
Flat,sensor,24,3672,384,20,815,170.12883435582822,162.0,85.22711003838299,63.0,285.6,25.0,445.0
Cube array,sensor,25,3672,448,20,582,219.69931271477662,202.0,118.86768110189715,72.1,389.4999999999999,24.0,580.0
Flat,sensor,25,3672,448,20,740,170.8337837837838,162.0,84.62284834477599,64.0,289.0,28.0,452.0
Cube array,sensor,26,3672,512,20,255,218.86666666666667,205.0,125.47022526409013,52.400000000000006,404.19999999999993,24.0,548.0
Flat,sensor,26,3672,512,20,245,143.39183673469387,128.0,77.27973414898094,62.0,249.2,29.0,446.0
Cube array,sensor,9,3672,0,50,282,221.9078014184397,210.5,101.43282409402768,103.1,351.9,49.0,499.0
Flat,sensor,9,3672,0,50,411,189.8832116788321,178.0,77.9610658639014,99.0,299.0,62.0,471.0
Cube array,sensor,10,3672,64,50,795,221.33584905660376,203.0,97.22956636068842,112.0,363.6,59.0,579.0
Flat,sensor,10,3672,64,50,1001,193.98001998002,187.0,75.20744378317615,102.0,297.0,63.0,489.0
Cube array,sensor,11,3672,128,50,1000,230.484,224.0,92.8957230412647,114.9,354.20000000000005,52.0,548.0
Flat,sensor,11,3672,128,50,1147,193.8055797733217,190.0,72.52836987381386,101.60000000000001,290.0,54.0,466.0
Cube array,sensor,12,3672,192,50,1025,230.8439024390244,226.0,90.69917774782247,116.0,347.0,56.0,569.0
Flat,sensor,12,3672,192,50,1121,196.72970561998216,187.0,76.22722786887883,104.0,299.0,58.0,497.0
Cube array,sensor,13,3672,256,50,1045,239.0,225.0,94.94552783941423,121.4,365.0,62.0,548.0
Flat,sensor,13,3672,256,50,1120,197.85,189.0,75.44836962452607,103.0,299.1,61.0,523.0
Cube array,sensor,14,3672,320,50,971,231.18022657054584,218.0,93.18633068838534,118.0,352.0,50.0,535.0
Flat,sensor,14,3672,320,50,1182,196.9720812182741,188.0,77.74400597209731,99.0,303.0,59.0,484.0
Cube array,sensor,15,3672,384,50,1006,226.44731610337973,213.5,89.37011592056487,121.5,351.0,59.0,555.0
Flat,sensor,15,3672,384,50,1035,190.0927536231884,184.0,70.80358791444938,102.4,291.0,55.0,414.0
Cube array,sensor,16,3672,448,50,860,227.57093023255814,221.0,87.23982889340276,114.9,346.60000000000014,56.0,551.0
Flat,sensor,16,3672,448,50,920,189.70978260869566,185.0,69.76980268465455,101.0,281.1,62.0,457.0
Cube array,sensor,17,3672,512,50,274,223.65328467153284,218.5,90.20091659995357,109.3,344.0,72.0,474.0
Flat,sensor,17,3672,512,50,300,179.22333333333333,167.0,77.00883927604914,92.9,281.30000000000007,63.0,494.0
Cube array,sensor,0,3672,0,90,200,276.35,261.5,78.85714773401152,191.60000000000002,386.9,131.0,502.0
Flat,sensor,0,3672,0,90,300,211.48666666666668,202.0,59.54147388667455,144.0,294.0,103.0,404.0
Cube array,sensor,1,3672,64,90,617,253.22852512155592,244.0,71.03962194645484,171.6,342.0,101.0,544.0
Flat,sensor,1,3672,64,90,571,216.7092819614711,207.0,52.59670693456682,155.0,288.0,98.0,391.0
Cube array,sensor,2,3672,128,90,657,253.7503805175038,248.0,65.58209180760464,174.0,337.0,112.0,506.0
Flat,sensor,2,3672,128,90,676,213.81065088757396,211.0,51.22976223097648,152.0,283.0,97.0,451.0
Cube array,sensor,3,3672,192,90,678,256.1297935103245,252.5,68.73033574740772,167.0,344.30000000000007,96.0,490.0
Flat,sensor,3,3672,192,90,809,224.52533992583437,216.0,54.45921957935567,160.0,297.0,112.0,444.0
Cube array,sensor,4,3672,256,90,814,263.16953316953317,261.0,73.84546048986459,171.0,360.70000000000005,113.0,549.0
Flat,sensor,4,3672,256,90,904,223.30088495575222,220.0,60.30803320991225,147.3,300.0,89.0,511.0
Cube array,sensor,5,3672,320,90,692,255.04190751445086,250.0,70.6704074569636,165.0,346.9,114.0,539.0
Flat,sensor,5,3672,320,90,965,219.9979274611399,211.0,60.55204198234149,149.4,297.6,105.0,469.0
Cube array,sensor,6,3672,384,90,623,253.63563402889247,249.0,63.76512227077343,172.0,339.0,89.0,478.0
Flat,sensor,6,3672,384,90,673,220.30163447251115,215.0,53.78318145520561,156.0,297.0,115.0,419.0
Cube array,sensor,7,3672,448,90,513,242.85185185185185,238.0,59.79673807373827,169.0,326.8,115.0,460.0
Flat,sensor,7,3672,448,90,595,213.75294117647059,207.0,49.5841746359819,155.0,280.6,112.0,411.0
Cube array,sensor,8,3672,512,90,187,255.6577540106952,248.0,71.40630737240808,175.0,347.8,116.0,527.0
Flat,sensor,8,3672,512,90,268,225.16044776119404,218.5,64.36547393599112,149.4,309.0,112.0,449.0
Cube array,line,,3672,,20,4773,220.12549759061386,205.0,116.5532049603726,76.0,384.0,24.0,580.0
Flat,line,,3672,,20,6261,173.53074588723845,163.0,88.69564513031371,64.0,296.0,22.0,516.0
Cube array,line,,3672,,50,7258,229.35629650041335,219.0,92.61946772097293,116.0,355.0,49.0,579.0
Flat,line,,3672,,50,8237,193.57824450649508,186.0,74.54069234730964,101.0,296.0,54.0,523.0
Cube array,line,,3672,,90,4981,255.5705681590042,250.0,69.10646353466144,170.0,345.0,89.0,549.0
Flat,line,,3672,,90,5761,219.28745009546952,212.0,56.27580886715985,153.0,293.0,89.0,511.0
